Hospital name,Beds,Sector,Longitude,Latitude,State
Abbotsford Private Hospital,25,Private,115.837344,-31.940992,Western Australia
Adelaide Clinic,75,Private,138.613167,-34.90658,South Australia
Adelaide Day Surgery Pty Ltd,25,Private,138.588817,-34.922409,South Australia
Adelaide Eye & Laser Centre,117,Private,138.6215,-34.94042,South Australia
Adelaide Surgicentre,25,Private,138.621022,-34.917691,South Australia
Aesthetic Day Surgery,108,Private,151.135032,-33.964843,New South Wales
Albany Hospital,128,Public,117.904468,-35.003407,Western Australia
Albert Road Clinic,75,Private,144.972151,-37.834246,Victoria
Albury Wodonga Health [Albury Campus],158,Public,146.939146,-36.078401,New South Wales
Albury Wodonga Health [Wodonga Campus],132,Public,146.879417,-36.131791,Victoria
Albury Wodonga Private Hospital,150,Private,146.883177,-36.075621,New South Wales
Alexandra District Hospital,31,Public,145.716143,-37.195065,Victoria
Alice Springs Hospital,183,Public,133.878064,-23.705758,Northern Territory
Allowah Presbyterian Children's Hospital,25,Private,151.06387,-33.791787,New South Wales
Alpha Hospital,4,Public,146.632962,-23.649039,Queensland
Alpine Health [Bright],9,Public,146.965924,-36.732701,Victoria
Alpine Health [Mount Beauty],10,Public,147.169359,-36.743354,Victoria
Alpine Health [Myrtleford],15,Public,146.728795,-36.554525,Victoria
Angaston District Hospital,32,Public,139.054715,-34.503549,South Australia
Angliss Hospital,186,Public,145.314166,-37.898663,Victoria
Armadale-Kelmscott Memorial Hospital,237,Public,116.020023,-32.133212,Western Australia
Armidale Hospital,75,Public,151.655629,-30.512726,New South Wales
Armidale Private Hospital,25,Private,151.654565,-30.512719,New South Wales
Ashford Hospital,350,Private,138.576725,-34.948142,South Australia
Atherton Hospital,57,Public,145.483177,-17.266635,Queensland
Attadale Rehabilitation Hospital,25,Private,115.810669,-32.029729,Western Australia
Auburn Hospital,150,Public,151.033204,-33.859867,New South Wales
Augathella Hospital,4,Public,146.590919,-25.796104,Queensland
Augusta Hospital,10,Public,115.157983,-34.305814,Western Australia
Austin Hospital [Heidelberg],653,Public,145.060236,-37.756355,Victoria
Ayr Hospital,32,Public,147.408821,-19.564066,Queensland
Babinda Hospital,22,Public,145.918908,-17.343079,Queensland
Baillie Henderson Hospital,112,Public,151.936283,-27.524371,Queensland
Bairnsdale Regional Health Service,101,Public,147.607905,-37.830814,Victoria
Balaklava Soldiers' Memorial District Hospital,25,Public,138.419596,-34.139594,South Australia
Ballarat Day Procedure Centre,25,Private,143.83214,-37.540799,Victoria
Ballarat Health Services [Base Campus],258,Public,143.847041,-37.559658,Victoria
Ballarat Health Services [Queen Elizabeth Campus],75,Public,143.843264,-37.564276,Victoria
Ballina Day Surgery,25,Private,153.563241,-28.870711,New South Wales
Ballina Hospital,75,Public,153.564013,-28.863525,New South Wales
Balmain Hospital,75,Public,151.181469,-33.859469,New South Wales
Balranald Multi Purpose Service,25,Public,143.568413,-34.644549,New South Wales
Bamaga Hospital,14,Public,142.385131,-10.893996,Queensland
Bankstown Lidcombe Hospital,350,Public,151.020823,-33.933088,New South Wales
Baradine Multi Purpose Service,25,Public,149.066189,-30.945316,New South Wales
Baralaba Hospital,5,Public,149.809586,-24.184268,Queensland
Barcaldine Hospital,12,Public,145.293674,-23.553316,Queensland
Barham Hospital,25,Public,144.133479,-35.623823,New South Wales
Baringa Private Hospital,75,Private,153.102893,-30.278813,New South Wales
Barmera Health Service,20,Public,140.471706,-34.249146,South Australia
Barraba Multi Purpose Service,25,Public,150.605778,-30.382482,New South Wales
Bass Coast Regional Health,54,Public,145.580906,-38.608747,Victoria
Batemans Bay Hospital,25,Public,150.182375,-35.714055,New South Wales
Bathurst Health Service,150,Public,149.572699,-33.406512,New South Wales
Bathurst Private Hospital,25,Private,149.589242,-33.435215,New South Wales
Batlow/Adelong Multi Purpose Service,25,Public,148.147891,-35.521951,New South Wales
Beaconsfield District Health Service,25,Public,146.806719,-41.193478,Tasmania
Beaudesert Hospital,32,Public,153.002536,-27.984869,Queensland
Beaufort & Skipton Health Service [Beaufort],25,Public,143.382284,-37.431028,Victoria
Beaufort & Skipton Health Service [Skipton],25,Public,143.367547,-37.683998,Victoria
Beechworth Health Service,13,Public,146.690739,-36.349359,Victoria
Bega Valley Private Hospital,25,Private,149.845812,-36.673617,New South Wales
Beleura Private Hospital,150,Private,145.049136,-38.225484,Victoria
Bellbird Private Hospital,25,Private,145.156018,-37.833073,Victoria
Bellinger River District Hospital,25,Public,152.893209,-30.457256,New South Wales
Belmont Hospital,150,Public,151.648181,-33.024631,New South Wales
Benalla & District Memorial Hospital,55,Public,145.994675,-36.555239,Victoria
Bendigo Health Care Group [Anne Caudle],97,Public,144.280399,-36.750919,Victoria
Bentley Hospital,185,Public,115.927922,-32.005332,Western Australia
Berkeley Vale Private Hospital,75,Private,151.432784,-33.337061,New South Wales
Berrigan Multi Purpose Service,25,Public,145.813035,-35.662312,New South Wales
Berwick Eye and Surgicentre,25,Private,145.346487,-38.033667,Victoria
Bethesda Hospital,75,Private,115.778484,-31.986967,Western Australia
Beverley Hospital,4,Public,116.922962,-32.102825,Western Australia
Biggenden Hospital,7,Public,152.051099,-25.506406,Queensland
Biloela Hospital,24,Public,150.517491,-24.395813,Queensland
Bingara Multi Purpose Service,25,Public,150.579235,-29.864055,New South Wales
Blackall Hospital,18,Public,145.449349,-24.422705,Queensland
Blacktown Hospital,350,Public,150.917537,-33.775552,New South Wales
Blackwater Hospital,10,Public,148.878219,-23.571873,Queensland
Blayney Multi Purpose Service,25,Public,149.248988,-33.537728,New South Wales
Blue Mountains Hospital,75,Public,150.32111,-33.705329,New South Wales
Boddington Hospital,8,Public,116.475774,-32.803715,Western Australia
Boggabri Multi Purpose Service,25,Public,150.040014,-30.711502,New South Wales
Bombala Multi Purpose Service,25,Public,149.235372,-36.917513,New South Wales
Bonalbo Hospital,25,Public,152.622789,-28.733777,New South Wales
Booleroo Centre District Hospital and Health Services,25,Public,138.350958,-32.877911,South Australia
Boonah Hospital,22,Public,152.678943,-27.999128,Queensland
Boorowa Multi Purpose Service,25,Public,148.727073,-34.442822,New South Wales
Boort District Health,7,Public,143.727285,-36.111703,Victoria
Bordertown Memorial Hospital,40,Public,140.766438,-36.312133,South Australia
Bourke Multi Purpose Service,25,Public,145.947983,-30.092823,New South Wales
Bourke Street Health Service,42,Public,149.719321,-34.748721,New South Wales
Bowen Hospital,27,Public,148.240327,-20.007104,Queensland
Bowral Hospital,75,Public,150.423796,-34.485043,New South Wales
Box Hill Hospital,510,Public,145.119094,-37.813682,Victoria
Boyup Brook Soldiers Memorial Hospital,9,Public,116.390639,-33.839231,Western Australia
Braeside Hospital,75,Public,150.902192,-33.861917,New South Wales
Braidwood Multi Purpose Service,25,Public,149.805302,-35.443216,New South Wales
Brewarrina Multi Purpose Service,25,Public,146.863796,-29.961627,New South Wales
Bridgetown Hospital,24,Public,116.132183,-33.951681,Western Australia
Brindabella Endoscopy and Day Surgery Centre,25,Private,149.1031,-35.3495,Northern Territory
Brisbane Endoscopy Services,25,Private,153.061985,-27.572418,Queensland
Brisbane Private Hospital,150,Private,153.022642,-27.464756,Queensland
Brisbane Waters Private Hospital,75,Private,151.321708,-33.495233,New South Wales
Broadmeadows Health Service,145,Public,144.913106,-37.684321,Victoria
Broken Hill Hospital,150,Public,141.454703,-31.947609,New South Wales
Broome Hospital,66,Public,122.236289,-17.960975,Western Australia
Bruce Rock Memorial Hospital,4,Public,118.146414,-31.873038,Western Australia
Buderim Gastroenterology Centre,25,Private,153.084944,-26.671731,Queensland
Buderim Private Hospital,150,Private,153.092895,-26.683988,Queensland
Bulahdelah Hospital,25,Public,152.210029,-32.403949,New South Wales
Bulli Hospital,75,Public,150.907344,-34.336667,New South Wales
Bunbury Hospital,161,Public,115.648183,-33.366986,Western Australia
Bundaberg Base Hospital,350,Public,152.336157,-24.868877,Queensland
Bundoora Extended Care Centre,85,Public,145.055569,-37.701124,Victoria
Burnside War Memorial Hospital,75,Private,138.638878,-34.927126,South Australia
Burra Hospital,7,Public,138.934577,-33.685486,South Australia
Busselton Health Campus,75,Public,115.319581,-33.654351,Western Australia
Byron Central Hospital,33,Public,153.555898,-28.637365,New South Wales
Caboolture Hospital,265,Public,152.963623,-27.080776,Queensland
Caboolture Private Hospital,25,Private,152.963628,-27.080318,Queensland
Cabrini Brighton,150,Private,144.991572,-37.91165,Victoria
Cabrini Health Elsternwick Rehabilitation - Glenhuntly Rd,25,Private,145.009328,-37.88543,Victoria
Cabrini Health Elsternwick Rehabilitation - Hopetoun,25,Private,145.01039,-37.884778,Victoria
Cabrini Malvern,750,Private,145.0335,-37.861641,Victoria
Cabrini Prahran,25,Private,145.009017,-37.854034,Victoria
Cairns Day Surgery,118,Private,145.771955,-16.918973,Queensland
Cairns Hospital,630,Public,145.768522,-16.912537,Queensland
Cairns Private Hospital,150,Private,145.772282,-16.918854,Queensland
Caloundra Hospital,30,Public,153.119759,-26.800582,Queensland
Caloundra Private Clinic,75,Private,153.125534,-26.782379,Queensland
Calvary Central Districts Hospital,75,Private,138.656221,-34.75542,South Australia
Calvary Health Care Bethlehem,32,Public,145.013415,-37.896962,Victoria
Calvary Health Care Riverina,75,Private,147.352811,-35.118702,New South Wales
Calvary Health Care Tasmania - Lenah Valley Campus,150,Private,147.303614,-42.866099,Tasmania
Calvary Health Care Tasmania - St John's Campus,75,Private,147.305975,-42.895314,Tasmania
Calvary Health Care Tasmania - St Luke's Campus,75,Private,147.149521,-41.433895,Tasmania
Calvary Health Care Tasmania - St Vincent's Campus,75,Private,147.141308,-41.441013,Tasmania
Calvary Hospital,150,Public,151.136206,-33.976132,New South Wales
Calvary John James Hospital,150,Private,149.095662,-35.319869,Northern Territory
Calvary Mater Newcastle Hospital,150,Public,151.720858,-32.899371,New South Wales
Calvary North Adelaide Hospital,150,Private,138.589095,-34.910003,South Australia
Calvary Private Hospital Bruce,75,Private,149.088646,-35.252882,Northern Territory
Calvary Public Hospital,350,Public,149.089654,-35.253321,Northern Territory
Calvary Rehabilitation Hospital,75,Private,138.611481,-34.891739,South Australia
Calvary Wakefield Hospital,150,Private,138.611154,-34.927689,South Australia
Camden Hospital,75,Public,150.693297,-34.062702,New South Wales
Campbell Town Multi Purpose Service,25,Public,147.493107,-41.926339,Tasmania
Campbelltown Hospital,350,Public,150.806321,-34.077651,New South Wales
Campbelltown Private Hospital,75,Private,150.804948,-34.075607,New South Wales
Canberra Imaging Group Angiography/Interventional Suite,25,Private,149.096004,-35.318557,Northern Territory
Canossa Private Hospital,75,Private,152.963716,-27.554703,Queensland
Canowindra Hospital,25,Public,148.676576,-33.557204,New South Wales
Canterbury Hospital,150,Public,151.098275,-33.919592,New South Wales
Capricorn Coast Hospital,22,Public,150.734519,-23.143888,Queensland
Caritas Christi Hospice [Kew],25,Public,145.015557,-37.804706,Victoria
Carnarvon Hospital,39,Public,113.658993,-24.886592,Western Australia
Casey Hospital,234,Public,145.347181,-38.045325,Victoria
Casino Hospital,25,Public,153.035827,-28.859839,New South Wales
Casterton Memorial Hospital,15,Public,141.392283,-37.589989,Victoria
Castle Hill Day Surgery,25,Private,151.004099,-33.73507,New South Wales
Castlecrag Private Hospital,25,Private,151.217045,-33.801822,New South Wales
Castlemaine Health,50,Public,144.212315,-37.052539,Victoria
Caulfield Hospital,261,Public,145.016892,-37.882707,Victoria
Ceduna District Health Service,15,Public,133.672317,-32.119099,South Australia
Central Coast Day Hospital,25,Private,151.384354,-33.439692,New South Wales
Central Gippsland Health Service [Maffra],25,Public,146.983487,-37.961032,Victoria
Central Gippsland Health Service [Sale],94,Public,147.080637,-38.108408,Victoria
Central Yorke Peninsula Hospital (Maitland),25,Public,137.673947,-34.370494,South Australia
Centre for Digestive Diseases,105,Private,151.130092,-33.865117,New South Wales
Cessnock Hospital,25,Public,151.348396,-32.827754,New South Wales
Charleville Hospital,21,Public,146.239228,-26.410455,Queensland
Charters Towers Hospital,29,Public,146.264097,-20.076167,Queensland
Charters Towers Rehabilitation Unit,27,Public,146.280459,-20.076801,Queensland
Chatswood Private Hospital,25,Private,151.185691,-33.797612,New South Wales
Cherbourg Hospital,17,Public,151.956324,-26.291519,Queensland
Chermside Day Hospital,25,Private,153.029423,-27.381971,Queensland
Chesterville Day Hospital,25,Private,145.0568,-37.96046,Victoria
Childers Hospital,15,Public,152.273286,-25.239416,Queensland
Chinchilla Hospital,22,Public,150.634939,-26.741337,Queensland
Chris OÃÂBrien Lifehouse,150,Private,151.182234,-33.890577,New South Wales
Clare Hospital,25,Public,138.614416,-33.829588,South Australia
Clermont Hospital,10,Public,147.632174,-22.826219,Queensland
Cleve District Hospital and Aged Care,20,Public,136.494162,-33.697779,South Australia
Cloncurry Hospital,8,Public,140.527571,-20.704166,Queensland
Cobar Health Service,25,Public,145.825266,-31.509026,New South Wales
Cobram District Hospital,12,Public,145.651029,-35.916273,Victoria
Coffs Day Hospital,25,Private,153.115865,-30.300233,New South Wales
Coffs Harbour Hospital,350,Public,153.093667,-30.317579,New South Wales
Cohuna District Hospital,16,Public,144.214911,-35.800063,Victoria
Colac Area Health,37,Public,143.582854,-38.341201,Victoria
Coledale Hospital,25,Public,150.950796,-34.283797,New South Wales
Colin Street Day Hospital,25,Private,115.841569,-31.949358,Western Australia
Collarenebri Multi Purpose Service,25,Public,148.581901,-29.544889,New South Wales
Collie Hospital,25,Public,116.162223,-33.351403,Western Australia
Collinsville Hospital,8,Public,147.838146,-20.546108,Queensland
Concord Hospital,750,Public,151.092664,-33.837288,New South Wales
Condobolin Health Service,25,Public,147.154161,-33.082332,New South Wales
Coober Pedy Hospital and Health Service,15,Public,134.762066,-29.004893,South Australia
Cooktown Hospital,24,Public,145.249616,-15.478067,Queensland
Coolah Multi Purpose Service,25,Public,149.710049,-31.821473,New South Wales
Coolamon Multi Purpose Service,25,Public,147.199329,-34.819885,New South Wales
Coolenberg Day Surgery,148,Private,152.909473,-31.439829,New South Wales
Cooma Hospital,25,Public,149.130499,-36.241389,New South Wales
Coonabarabran Health Service,25,Public,149.284779,-31.274791,New South Wales
Coonamble Multi Purpose Service,25,Public,148.387527,-30.964803,New South Wales
Cootamundra Hospital,25,Public,148.012796,-34.634386,New South Wales
Coral Tree Family Centre,10,Public,151.126212,-33.804256,New South Wales
Corowa Hospital,75,Public,146.383541,-35.993528,New South Wales
Corrigin Hospital,3,Public,117.878816,-32.324419,Western Australia
Corymbia House,25,Private,145.21715,-37.977201,Victoria
Cowell District Hospital and Aged Care,8,Public,136.921405,-33.685299,South Australia
Cowra Health Service,25,Public,148.692376,-33.832137,New South Wales
Craigieburn Health Service,14,Public,144.91928,-37.596015,Victoria
Cranbourne Integrated Care Centre,18,Public,145.280832,-38.113312,Victoria
Creswick District Hospital,6,Public,143.891533,-37.421192,Victoria
Crookwell Hospital,25,Public,149.467427,-34.464222,New South Wales
Crows Nest Day Surgery,126,Private,151.199293,-33.825083,New South Wales
Crystal Brook and District Hospital,13,Public,138.213243,-33.354297,South Australia
Culcairn Multi Purpose Service,25,Public,147.042104,-35.667399,New South Wales
Cumberland Hospital,350,Public,150.995246,-33.80159,New South Wales
Cummins and District Memorial Hospital,19,Public,135.73316,-34.264155,South Australia
Cunderdin Hospital,3,Public,117.244226,-31.654404,Western Australia
Cunnamulla Hospital,20,Public,145.690405,-28.071658,Queensland
Dalby Hospital,45,Public,151.278905,-27.167153,Queensland
Dalwallinu Hospital,4,Public,116.656544,-30.277229,Western Australia
Dame Phyllis Frost Centre - Marmak unit,25,Public,144.742309,-37.781307,Victoria
Dandenong Campus,532,Public,145.218529,-37.976459,Victoria
Darwin Private Hospital,150,Private,130.881789,-12.357357,Northern Territory
David Berry Hospital,25,Public,150.712819,-34.775909,New South Wales
Daylesford District Hospital,21,Public,144.145774,-37.337365,Victoria
Dee Why Endoscopy Unit,25,Private,151.28363,-33.75674,New South Wales
Delegate Multi Purpose Service,25,Public,148.945958,-37.04496,New South Wales
Deloraine District Hospital,25,Public,146.659605,-41.528033,Tasmania
Deniliquin Hospital,25,Public,144.963301,-35.524044,New South Wales
Denman Multi Purpose Service,25,Public,150.684453,-32.389483,New South Wales
Denmark Hospital and Health Service,25,Public,117.353489,-34.957977,Western Australia
Dental Health Services Victoria,20,Public,144.964529,-37.799299,Victoria
Derby Hospital,31,Public,123.633399,-17.306339,Western Australia
Diagnostic Endoscopy Centre,25,Private,151.220852,-33.879519,New South Wales
Dimboola District Hospital,4,Public,142.024286,-36.449887,Victoria
Dirranbandi Hospital,7,Public,148.229159,-28.579349,Queensland
Djerriwarrh Health Service [Bacchus Marsh],25,Public,144.433264,-37.678267,Victoria
Dongara Eneabba Mingenew Health Service,25,Public,114.934179,-29.265173,Western Australia
Donnybrook Hospital,14,Public,115.816547,-33.576942,Western Australia
Donvale Rehabilitation Hospital,75,Private,145.171655,-37.789836,Victoria
Doomadgee Hospital,7,Public,138.825267,-17.942527,Queensland
Dorrigo Multi Purpose Service,25,Public,152.713882,-30.340625,New South Wales
Dorset Rehabilitation Centre,25,Private,144.947436,-37.723402,Victoria
Dubbo Hospital,150,Public,148.620772,-32.239339,New South Wales
Dudley-Orange Private Hospital,75,Private,149.121236,-33.282219,New South Wales
Dumbleyung Memorial Hospital,3,Public,117.740499,-33.310409,Western Australia
Dunedoo Multi Purpose Service,25,Public,149.397366,-32.017204,New South Wales
Dungog Hospital,25,Public,151.746157,-32.401948,New South Wales
Dysart Hospital,9,Public,148.353044,-22.582729,Queensland
East Grampians Health Service [Ararat],38,Public,142.932858,-37.278816,Victoria
East Grampians Health Service [Willaura],8,Public,142.74587,-37.544798,Victoria
East Wimmera Health Service [Birchip],8,Public,142.915891,-35.980167,Victoria
East Wimmera Health Service [Charlton],2,Public,143.345889,-36.271037,Victoria
East Wimmera Health Service [Donald],13,Public,142.976583,-36.366895,Victoria
East Wimmera Health Service [St Arnaud],14,Public,143.246676,-36.609275,Victoria
East Wimmera Health Service [Wycheproof],6,Public,143.233779,-36.078447,Victoria
Eastern Heart Clinic,25,Private,151.237986,-33.920616,New South Wales
Echuca Regional Health,86,Public,144.748369,-36.138186,Victoria
Edenhope and District Memorial Hospital,16,Public,141.288829,-37.035323,Victoria
Eidsvold Hospital,4,Public,151.125494,-25.382639,Queensland
Ellen Barron Family Centre,49,Public,153.025152,-27.385905,Queensland
Elliston Hospital,6,Public,134.892443,-33.647912,South Australia
Emerald Hospital,38,Public,148.154989,-23.514826,Queensland
Epping Surgery Centre,25,Private,151.083676,-33.771132,New South Wales
Epworth Cliveden,25,Private,144.987547,-37.815662,Victoria
Epworth Eastern,350,Private,145.119368,-37.814678,Victoria
Epworth Freemasons [Clarendon Street],150,Private,144.984107,-37.810694,Victoria
Epworth Freemasons [Victoria Parade],75,Private,144.98212,-37.809284,Victoria
Epworth Geelong,150,Private,144.302472,-38.193882,Victoria
Epworth Hawthorn,25,Private,145.023405,-37.821229,Victoria
Epworth Rehabilitation Brighton,75,Private,145.002815,-37.913689,Victoria
Epworth Rehabilitation Camberwell,75,Private,145.054689,-37.846223,Victoria
Epworth Rehabilitation Richmond,75,Private,144.993503,-37.817419,Victoria
Epworth Richmond,350,Private,144.993029,-37.817433,Victoria
Esk Hospital,20,Public,152.418179,-27.240398,Queensland
Esperance Hospital,36,Public,121.892205,-33.856188,Western Australia
Esperance Multi Purpose Centre,25,Public,147.016209,-43.314749,Tasmania
Essendon Private Hospital,25,Private,144.885403,-37.748597,Victoria
Eudunda Hospital,8,Public,139.090586,-34.175482,South Australia
Eugowra Multipurpose Service,25,Public,148.366799,-33.424421,New South Wales
Exmouth Hospital,6,Public,114.119882,-21.928276,Western Australia
Eye-Tech Day Surgeries,123,Private,153.021898,-27.461026,Queensland
Eye-Tech Day Surgeries Southside,100,Private,153.082042,-27.557642,Queensland
Fairfield Hospital,350,Public,150.904339,-33.860117,New South Wales
Figtree Private Hospital,150,Private,150.851024,-34.440199,New South Wales
Finley Hospital,25,Public,145.568139,-35.641725,New South Wales
Fiona Stanley Hospital,744,Public,115.846909,-32.07012,Western Australia
Fitzroy Crossing Hospital,14,Public,125.562765,-18.191439,Western Australia
Flinders Island Multi Purpose Centre,25,Public,148.017059,-40.121173,Tasmania
Flinders Medical Centre,602,Public,138.569439,-35.022229,South Australia
Flinders Private Hospital,150,Private,138.568089,-35.020629,South Australia
Forster Private Hospital,75,Private,152.514079,-32.188561,New South Wales
Frances Perry House,150,Private,144.955135,-37.798758,Victoria
Frankston Hospital,445,Public,145.128428,-38.150791,Victoria
Frankston Private Hospital,75,Private,145.132902,-38.154662,Victoria
Fremantle Hospital,246,Public,115.751448,-32.058263,Western Australia
Friendly Society Private Hospital,150,Private,152.3429,-24.870831,Queensland
Fullarton Private Hospital,25,Private,138.624852,-34.949265,South Australia
Gatton Hospital,22,Public,152.276269,-27.566778,Queensland
Gawler Health Service,62,Public,138.755044,-34.593743,South Australia
Gayndah Hospital,10,Public,151.604531,-25.631384,Queensland
George Town Hospital and Community Health Centre,25,Public,146.821149,-41.103782,Tasmania
Geraldton Hospital,100,Public,114.610844,-28.782808,Western Australia
Gilgandra Multi Purpose Service,25,Public,148.664889,-31.704565,New South Wales
Gin Gin Hospital,6,Public,151.953449,-24.985707,Queensland
Gippsland Southern Health Service - Korumburra,25,Public,145.828249,-38.430328,Victoria
Gippsland Southern Health Service - Leongatha,25,Public,145.950343,-38.487171,Victoria
Gladstone Hospital,75,Public,151.248532,-23.850654,Queensland
Glen Eira Day Surgery,25,Private,145.019265,-37.900377,Victoria
Glen Innes Hospital,25,Public,151.731673,-29.733293,New South Wales
Glenelg Community Hospital Inc,25,Private,138.512321,-34.990189,South Australia
Glenferrie Private Hospital,25,Private,145.031544,-37.819459,Victoria
Glengarry Private Hospital,150,Private,115.784826,-31.834253,Western Australia
Glenside Health Services,150,Public,138.627714,-34.943429,South Australia
Gloucester Hospital,75,Public,151.958556,-32.014787,New South Wales
Gnowangerup Hospital,4,Public,118.002927,-33.930469,Western Australia
Gold Coast Private Hospital,350,Private,153.385112,-27.962084,Queensland
Gold Coast University Hospital,788,Public,153.381173,-27.958896,Queensland
Golf Links Road Rehabilitation Centre,74,Public,145.149769,-38.173447,Victoria
Goodooga Health Service,25,Public,147.456114,-29.110249,New South Wales
Goomalling Hospital,4,Public,116.831102,-31.303928,Western Australia
Goondiwindi Hospital,33,Public,150.302302,-28.547951,Queensland
Gordonvale Hospital,24,Public,145.786159,-17.087337,Queensland
Gosford Hospital,350,Public,151.340328,-33.419451,New South Wales
Goulburn Hospital,150,Public,149.712806,-34.747527,New South Wales
Goulburn Valley Health [Shepparton],218,Public,145.404911,-36.363625,Victoria
Goulburn Valley Health [Tatura],8,Public,145.225535,-36.439082,Victoria
Goulburn Valley Health [Waranga],12,Public,145.008593,-36.587827,Victoria
Gove Hospital,34,Public,136.777874,-12.18602,Northern Territory
Gower Wilson Multi Purpose Service,25,Public,159.071307,-31.535603,New South Wales
Grafton Base Hospital,75,Public,152.941274,-29.674807,New South Wales
Graylands Selby-Lemnos and Special Care Health Service,150,Public,115.790855,-31.961447,Western Australia
Greenslopes Day Surgery,25,Private,153.052889,-27.510139,Queensland
Greenslopes Private Hospital,750,Private,153.046942,-27.513052,Queensland
Greenwich Hospital,25,Public,151.183376,-33.827329,New South Wales
Grenfell Multi Purpose Service,25,Public,148.167843,-33.894286,New South Wales
Griffith Hospital,75,Public,146.043774,-34.282121,New South Wales
Griffith Rehabilitation Hospital,75,Private,138.523859,-35.010285,South Australia
Gulargambone Multi Purpose Service,25,Public,148.469216,-31.329812,New South Wales
Gulgong Multi Purpose Service,25,Public,149.521893,-32.366871,New South Wales
Gumeracha District Soldiers' Memorial Hospital,25,Public,138.881575,-34.826269,South Australia
Gundagai Hospital,25,Public,148.101764,-35.051394,New South Wales
Gunnedah Hospital,25,Public,150.251339,-30.983146,New South Wales
Guyra Multi Purpose Service,25,Public,151.679112,-30.213889,New South Wales
Gympie Hospital,91,Public,152.658258,-26.184353,Queensland
Gympie Private Hospital,25,Private,152.664191,-26.184392,Queensland
Halls Creek Hospital,8,Public,127.666046,-18.226008,Western Australia
Hampstead Rehabilitation Centre,125,Public,138.620381,-34.860704,South Australia
Harvey Hospital,13,Public,115.896749,-33.077554,Western Australia
Hawker Memorial Hospital,4,Public,138.427841,-31.893389,South Australia
Hawkesbury Hospital,75,Public,150.820804,-33.610712,New South Wales
Hay Hospital,25,Public,144.851433,-34.500349,New South Wales
Healesville Hospital and Yarra Valley Health,25,Public,145.529032,-37.646879,Victoria
Healthscope Independence Services,101,Private,145.081172,-37.947818,Victoria
HealthWest (West Coast District Hospital at Queenstown),25,Public,145.558303,-42.081122,Tasmania
Heathcote Health,8,Public,144.709499,-36.925786,Victoria
Hedland Health Campus,64,Public,118.598178,-20.413541,Western Australia
Heidelberg Endoscopy & Day Surgery Centre,25,Private,145.060271,-37.730589,Victoria
Heidelberg Repatriation Hospital [Heidelberg West],150,Public,145.04749,-37.755973,Victoria
Henty Multi Purpose Service,25,Public,147.031847,-35.515801,New South Wales
Herberton Hospital,38,Public,145.38175,-17.379371,Queensland
Hervey Bay Hospital,168,Public,152.820639,-25.298697,Queensland
Hervey Bay Surgical Hospital,25,Private,152.834651,-25.287202,Queensland
Hesse Rural Health Service [Winchelsea],5,Public,143.985357,-38.243369,Victoria
Heywood Rural Health,5,Public,141.624256,-38.137788,Victoria
Hillcrest Rockhampton Private Hospital,75,Private,150.496076,-23.377595,Queensland
Hillston Hospital,25,Public,145.539032,-33.478793,New South Wales
Hobart Private Hospital,150,Private,147.329886,-42.880752,Tasmania
Hobsons Bay Endoscopy Centre Altona,121,Private,144.828494,-37.869448,Victoria
Hobsons Bay Endoscopy Centre Sydenham,138,Private,144.758677,-37.693365,Victoria
Hobsons Bay Endoscopy Centre Werribee,130,Private,144.686494,-37.890649,Victoria
Holbrook Hospital,25,Public,147.320276,-35.723991,New South Wales
Hollywood Private Hospital,750,Private,115.809148,-31.969693,Western Australia
Holmesglen Private Hospital,150,Private,145.050581,-37.935738,Victoria
Holy Spirit Northside Private Hospital,350,Private,153.022728,-27.390688,Queensland
Home Hill Hospital,14,Public,147.416759,-19.661764,Queensland
Hopewell Hospice,25,Private,153.380619,-27.938981,Queensland
Hornsby Ku-ring-gai Hospital,350,Public,151.112941,-33.701448,New South Wales
Hughenden Hospital,9,Public,144.1892,-20.8424,Queensland
Hunter New England Mater Mental Health Service,150,Public,151.720669,-32.897873,New South Wales
Hunter Valley Private Hospital,75,Private,151.695054,-32.883085,New South Wales
Hunters Hill Private Hospital,25,Private,151.150172,-33.835273,New South Wales
Huon Eldercare,25,Public,147.016382,-43.080869,Tasmania
Hurstville Private,75,Private,151.095989,-33.962333,New South Wales
Illawarra Mental Health Services,0,Public,150.891252,-34.42623,New South Wales
Ingham Hospital,32,Public,146.164222,-18.652293,Queensland
Inglewood & District Health Service,7,Public,143.873755,-36.572147,Victoria
Inglewood Hospital,10,Public,151.061856,-28.417647,Queensland
Injune Hospital,5,Public,148.562471,-25.847096,Queensland
Innisfail Hospital,48,Public,146.030049,-17.518939,Queensland
Inverell Hospital,25,Public,151.130139,-29.770728,New South Wales
Ipswich Day Hospital,25,Private,152.7608,-27.6184,Queensland
Ipswich Hospital,430,Public,152.759313,-27.619465,Queensland
Ivanhoe Hospital,25,Public,144.298904,-32.898193,New South Wales
Jamestown Hospital and Health Service,12,Public,138.616249,-33.212265,South Australia
Jandowae Hospital,12,Public,151.105313,-26.781016,Queensland
Jerilderie Multi Purpose Service,25,Public,145.720596,-35.356628,New South Wales
Jessie McPherson Private Hospital,150,Private,145.1225,-37.9201,Victoria
John Fawkner Private Hospital,150,Private,144.958398,-37.754369,Victoria
John Flynn Private Hospital,350,Private,153.488616,-28.153911,Queensland
John Hunter Hospital,750,Public,151.692438,-32.922177,New South Wales
Jolimont Endoscopy,25,Private,144.978596,-37.816762,Victoria
Joondalup Health Campus (Private),350,Private,115.77034,-31.738788,Western Australia
Joondalup Health Campus (Public),350,Public,115.771737,-31.738788,Western Australia
Joyce Palmer Health Service,11,Public,146.578731,-18.732733,Queensland
Julia Creek Hospital,6,Public,141.749875,-20.656096,Queensland
Junee Multi Purpose Service,25,Public,147.581314,-34.866914,New South Wales
Justice Health Services,350,Public,151.243206,-33.96907,New South Wales
Kahlyn Day Centre,25,Private,138.669951,-34.916913,South Australia
Kalamunda Hospital,20,Public,116.060267,-31.966471,Western Australia
Kalbarri Health Centre,4,Public,114.161574,-27.712843,Western Australia
Kalgoorlie Hospital,119,Public,121.470122,-30.740839,Western Australia
Kangaroo Island Health Service,15,Public,137.641289,-35.652693,South Australia
Kapunda Hospital,27,Public,138.921679,-34.330289,South Australia
Kareena Private Hospital,150,Private,151.114186,-34.034986,New South Wales
Karitane Mothercraft Society,18,Public,150.965763,-33.879777,New South Wales
Karoonda and District Soldiers' Memorial Hospital,25,Public,139.889429,-35.094226,South Australia
Karratha Health Campus,139,Public,116.839511,-20.732208,Western Australia
Katanning Hospital,23,Public,117.563409,-33.683032,Western Australia
Katherine Hospital,60,Public,132.272129,-14.439002,Northern Territory
Kawana Private Hospital,25,Private,153.122164,-26.733825,Queensland
Kellerberrin Memorial Hospital,4,Public,117.716531,-31.628902,Western Australia
Kempsey Hospital,75,Public,152.820038,-31.067841,New South Wales
Kenmore Hospital,25,Public,149.751344,-34.721253,New South Wales
Kerang District Health,18,Public,143.916563,-35.724287,Victoria
Kiama Hospital,25,Public,150.850514,-34.682937,New South Wales
Kilcoy Hospital,21,Public,152.561495,-26.941009,Queensland
Kimba District Hospital and Aged Care,8,Public,136.416013,-33.143552,South Australia
King Edward Memorial Hospital for Women,237,Public,115.818576,-31.950093,Western Australia
King Island Multi Purpose Centre,25,Public,143.855453,-39.931673,Tasmania
Kingaroy Hospital,49,Public,151.838307,-26.532454,Queensland
Kingston Centre [Cheltenham],186,Public,145.078969,-37.955018,Victoria
Kingston Soldiers' Memorial Hospital,10,Public,139.848763,-36.835501,South Australia
Kingsway Day Surgery,25,Private,151.103827,-34.034096,New South Wales
Kirwan Rehabilitation Unit,25,Public,146.731627,-19.303796,Queensland
Knox Private Hospital,350,Private,145.228035,-37.849645,Victoria
Kojonup Hospital,5,Public,117.152903,-33.829481,Western Australia
Kondinin Districts Health Service,25,Public,118.265439,-32.488949,Western Australia
Kooweerup Regional Health Service,9,Public,145.484433,-38.200653,Victoria
Kununoppin Health Service,25,Public,117.922889,-31.109682,Western Australia
Kununurra Hospital,32,Public,128.734229,-15.775404,Western Australia
Kurri Kurri Hospital,75,Public,151.463018,-32.825017,New South Wales
Kyabram & District Health Service,39,Public,145.042705,-36.315539,Victoria
Kyneton District Health Service,24,Public,144.469742,-37.254431,Victoria
Kyogle Multi Purpose Service,25,Public,153.001742,-28.627124,New South Wales
La Trobe Private Hospital,25,Private,145.044334,-37.716679,Victoria
Lachlan Health Service - Forbes,25,Public,148.013831,-33.396281,New South Wales
Lachlan Health Service - Parkes,25,Public,148.169757,-33.151507,New South Wales
Lady Davidson Private Hospital,150,Private,151.139119,-33.726718,New South Wales
Laidley Hospital,15,Public,152.400015,-27.632725,Queensland
Lake Cargelligo Multi Purpose Service,25,Public,146.374304,-33.292027,New South Wales
Lake Grace Hospital,4,Public,118.452658,-33.102524,Western Australia
Lake Macquarie Private Hospital,150,Private,151.691719,-32.981232,New South Wales
Lameroo District Health Service,11,Public,140.514643,-35.328203,South Australia
Latrobe Regional Hospital [Traralgon],251,Public,146.471335,-38.218475,Victoria
Launceston General Hospital,385,Public,147.142059,-41.446634,Tasmania
Laura and District Hospital,4,Public,138.298687,-33.174925,South Australia
Laverton Hospital,7,Public,122.399861,-28.626817,Western Australia
Lawrence Hargrave Private Hospital,75,Private,150.917631,-34.310173,New South Wales
Leeton Hospital,75,Public,146.408831,-34.545222,New South Wales
Leigh Creek Health Service,7,Public,138.399925,-30.593186,South Australia
Leonora Hospital,4,Public,121.337492,-28.894319,Western Australia
Lightning Ridge Multi Purpose Service,25,Public,147.981869,-29.429973,New South Wales
Linacre Private Hospital,75,Private,145.003259,-37.942699,Victoria
Lismore Hospital,350,Public,153.291045,-28.809191,New South Wales
Lithgow Hospital,75,Public,150.127701,-33.498751,New South Wales
Liverpool Day Surgery,25,Private,150.953704,-33.926324,New South Wales
Liverpool Eye Surgery,25,Private,150.926861,-33.922953,New South Wales
Liverpool Hospital,750,Public,150.930776,-33.919966,New South Wales
Lockhart Hospital,25,Public,146.719064,-35.222378,New South Wales
Logan Endoscopy Services,149,Private,153.038795,-27.659112,Queensland
Logan Hospital,438,Public,153.141732,-27.670169,Queensland
Long Jetty Health Care Centre,25,Public,151.468538,-33.369012,New South Wales
Longreach Hospital,27,Public,144.260873,-23.439033,Queensland
Lorne Community Hospital,4,Public,143.980743,-38.545513,Victoria
Lourdes Hospital Dubbo,25,Public,148.627361,-32.238511,New South Wales
Loxton Hospital Complex,22,Public,140.564296,-34.454695,South Australia
Lyell McEwin Hospital,373,Public,138.664798,-34.747607,South Australia
Mackay Base Hospital,220,Public,149.155325,-21.145792,Queensland
Mackay Rehabilitation Hospital,25,Private,149.166763,-21.113723,Queensland
Mackay Specialist Day Hospital,126,Private,149.16544,-21.129471,Queensland
Macksville Hospital,25,Public,152.919838,-30.713725,New South Wales
Maclean Hospital,25,Public,153.201094,-29.454219,New South Wales
Macquarie Hospital,150,Public,151.124818,-33.802312,New South Wales
Macquarie University Hospital,150,Private,151.117877,-33.773484,New South Wales
Madison Day Surgery,25,Private,151.100395,-33.703145,New South Wales
Maitland Hospital,150,Public,151.545887,-32.726723,New South Wales
Maldon Hospital,4,Public,144.063677,-36.992672,Victoria
Maleny Hospital,24,Public,152.844972,-26.754893,Queensland
Mallee Track Health & Community Service [Ouyen],25,Public,142.312345,-35.074349,Victoria
Mallee Track Health & Community Service [Sea Lake],25,Public,142.858003,-35.500395,Victoria
Malvern Private Hospital,25,Private,145.060765,-37.866954,Victoria
Manangatang & District Hospital,6,Public,142.880512,-35.050955,Victoria
Manilla Hospital,75,Public,150.732249,-30.745717,New South Wales
Manning Hospital,150,Public,152.454485,-31.910418,New South Wales
Manningham Day Procedure Centre,25,Private,145.115662,-37.773471,Victoria
Mannum District Hospital,13,Public,139.308614,-34.916481,South Australia
Mansfield District Hospital,25,Public,146.086149,-37.057574,Victoria
Mareeba Hospital,53,Public,145.424468,-16.987117,Queensland
Margaret River Hospital,18,Public,115.071229,-33.952162,Western Australia
Maroondah Hospital [East Ringwood],280,Public,145.254535,-37.806884,Victoria
Maryborough District Health Service [Dunolly],25,Public,143.735139,-36.855269,Victoria
Maryborough District Health Service [Maryborough],25,Public,143.737692,-37.044781,Victoria
Maryborough Hospital,92,Public,152.689855,-25.522131,Queensland
Maryvale Private Hospital,25,Private,146.418561,-38.215028,Victoria
Masada Private Hospital,75,Private,145.003096,-37.869799,Victoria
Mater Adult Hospital,260,Public,153.028103,-27.485488,Queensland
Mater Children's Private Brisbane,75,Private,153.027436,-27.48485,Queensland
Mater Hospital Pimlico,150,Private,146.786528,-19.288482,Queensland
Mater Hospital Sydney,350,Private,151.201247,-33.831152,New South Wales
Mater Misericordiae Day Unit,25,Private,149.181984,-21.139073,Queensland
Mater Misericordiae Hospital Bundaberg,75,Private,152.330412,-24.870766,Queensland
Mater Misericordiae Hospital Gladstone,25,Private,151.247469,-23.850526,Queensland
Mater Misericordiae Hospital Mackay,150,Private,149.166033,-21.129416,Queensland
Mater Misericordiae Hospital Rockhampton,150,Private,150.497444,-23.398033,Queensland
Mater Mothers' Hospital,150,Public,153.027001,-27.485436,Queensland
Mater Mothers' Private Brisbane,150,Private,153.027747,-27.485992,Queensland
Mater Private Hospital Brisbane,350,Private,153.028777,-27.483975,Queensland
Mater Private Hospital Redland,75,Private,153.25043,-27.540811,Queensland
Mater Women's and Children's Hospital Hyde Park,75,Private,146.798978,-19.276512,Queensland
May Shaw District Nursing Centre,2,Public,148.076788,-42.127383,Tasmania
McLaren Vale & Districts War Memorial Hospital Inc,25,Public,138.544962,-35.221405,South Australia
Meekatharra Hospital,11,Public,118.491861,-26.591366,Western Australia
Melbourne MediBrain & MediSleep Centre,25,Private,145.018774,-37.869064,Victoria
Melbourne Oral & Facial Surgery,25,Private,144.971391,-37.814488,Victoria
Melbourne Private Hospital,150,Private,144.957025,-37.798272,Victoria
Melton Health,17,Public,144.558284,-37.686449,Victoria
Menindee Health Service,0,Public,142.414869,-32.390335,New South Wales
Meningie and Districts Memorial Hospital and Health Services,25,Public,139.335565,-35.693212,South Australia
Mercy Care Hospital - Albury,25,Public,146.916764,-36.069221,New South Wales
Mercy Care Hospital - Young,25,Public,148.288693,-34.321003,New South Wales
Mercy Health - O'Connell Family Centre,20,Public,145.061729,-37.816688,Victoria
Mercy Hospital for Women,162,Public,145.061008,-37.756075,Victoria
Merredin Health Service,25,Public,118.276491,-31.485204,Western Australia
Merriwa Multi Purpose Service,25,Public,150.361316,-32.142714,New South Wales
Mersey Community Hospital,75,Public,146.422445,-41.229052,Tasmania
MetroRehab Hospital,25,Private,151.155602,-33.899441,New South Wales
Metwest Surgical,25,Private,150.912421,-33.774236,New South Wales
Midlands Multi Purpose Centre,25,Public,147.369522,-42.299353,Tasmania
Mildura Base Hospital,136,Public,142.143348,-34.185634,Victoria
Mildura Private Hospital,75,Private,142.145705,-34.18479,Victoria
Miles Hospital,13,Public,150.191023,-26.658236,Queensland
Millicent and Districts Hospital and Health Service,25,Public,140.358924,-37.598354,South Australia
Millmerran Hospital,11,Public,151.26267,-27.878928,Queensland
Milton Ulladulla Hospital,25,Public,150.438918,-35.317313,New South Wales
Miranda Eye Surgical Centre,25,Private,151.101631,-34.03244,New South Wales
Mitcham Private Hospital,150,Private,145.194808,-37.810436,Victoria
Mitchell Hospital,12,Public,147.972493,-26.489913,Queensland
Modbury Hospital,107,Public,138.690505,-34.834166,South Australia
Mogo Day Surgery,25,Private,150.14387,-35.782893,New South Wales
Molong Health Service,25,Public,148.859724,-33.087622,New South Wales
Mona Vale Hospital,150,Public,151.306618,-33.685353,New South Wales
Monash Medical Centre [Clayton],664,Public,145.123128,-37.921176,Victoria
Monash Medical Centre [Moorabbin],109,Public,145.063197,-37.920697,Victoria
Monto Hospital,14,Public,151.112501,-24.866424,Queensland
Montserrat Day Hospital Gaythorne,25,Private,152.982237,-27.417069,Queensland
Moora Hospital,12,Public,116.001119,-30.639557,Western Australia
Moranbah Hospital,12,Public,148.055287,-22.002125,Queensland
Morawa Health Service,25,Public,116.002986,-29.212897,Western Australia
Moree Hospital,25,Public,149.839648,-29.470678,New South Wales
Morisset Hospital,150,Public,151.512816,-33.128549,New South Wales
Mornington Island Hospital,11,Public,139.178559,-16.665534,Queensland
Moruya Hospital,75,Public,150.070774,-35.904137,New South Wales
Mossman Hospital,32,Public,145.368025,-16.464031,Queensland
Mount Barker District Soldiers' Memorial Hospital,25,Public,138.870277,-35.081813,South Australia
Mount Druitt Hospital,150,Public,150.829646,-33.765929,New South Wales
Mount Gambier and Districts Health Service,75,Public,140.786662,-37.805003,South Australia
Mount Gambier Private Hospital,25,Private,140.786887,-37.805952,South Australia
Mount Hospital,350,Private,115.845401,-31.958534,Western Australia
Mount Isa Base Hospital,75,Public,139.493815,-20.730919,Queensland
Mount Morgan Hospital,10,Public,150.392639,-23.645094,Queensland
Mount Pleasant District Hospital,21,Public,139.054212,-34.773855,South Australia
Mount Wilga Private Hospital,75,Private,151.092939,-33.692829,New South Wales
Moura Hospital,4,Public,149.975999,-24.575948,Queensland
Moyne Health Services [Port Fairy],15,Public,142.227523,-38.381599,Victoria
Mudgee Health Service,25,Public,149.588179,-32.603229,New South Wales
Mullewa Health Service,25,Public,115.510017,-28.535991,Western Australia
Mundubbera Hospital,4,Public,151.293282,-25.587619,Queensland
Mungindi Hospital,8,Public,148.989061,-28.972817,Queensland
Murgon Hospital,15,Public,151.950702,-26.239075,Queensland
Murray Bridge Soldiers' Memorial Hospital,75,Public,139.280462,-35.128911,South Australia
Murray District Hospital,25,Public,115.871589,-32.639709,Western Australia
Murray Valley Private Hospital,25,Private,146.876478,-36.138419,Victoria
Murrumburrah-Harden Hospital,25,Public,148.360186,-34.555254,New South Wales
Murwillumbah Hospital,75,Public,153.400811,-28.323417,New South Wales
Muswellbrook Hospital,75,Public,150.900263,-32.264545,New South Wales
Nambour Day Surgery,127,Private,152.96409,-26.626321,Queensland
Nambour General Hospital,150,Public,152.952249,-26.621659,Queensland
Nambour Selangor Private Hospital,75,Private,152.955949,-26.618265,Queensland
Nanango Hospital,10,Public,152.007833,-26.666405,Queensland
Nannup Hospital,4,Public,115.76723,-33.982797,Western Australia
Naracoorte Health Service,60,Public,140.743693,-36.966849,South Australia
Narembeen Memorial Hospital,3,Public,118.391289,-32.061618,Western Australia
Narrabri Hospital,25,Public,149.777108,-30.325869,New South Wales
Narrandera Hospital,25,Public,146.547661,-34.743181,New South Wales
Narrogin Hospital,46,Public,117.168459,-32.937341,Western Australia
Narromine Health Service,25,Public,148.239201,-32.24261,New South Wales
Nathalia District Hospital,6,Public,145.204324,-36.054754,Victoria
National Capital Private Hospital,75,Private,149.101944,-35.344872,Northern Territory
Nepean Hospital,750,Public,150.712627,-33.759865,New South Wales
Nepean Private Hospital,150,Private,150.715206,-33.759775,New South Wales
Neringah Hospital,25,Public,151.114556,-33.717856,New South Wales
New Farm Clinic,150,Private,153.045879,-27.473623,Queensland
New Norfolk District Hospital,25,Public,147.059179,-42.781315,Tasmania
Newcastle Private Hospital,150,Private,151.698371,-32.922537,New South Wales
Newman Hospital,8,Public,119.736503,-23.354824,Western Australia
"Next Step Drug And Alcohol Services, East Perth",25,Public,115.869171,-31.953405,Western Australia
Nimbin Multi Purpose Service,25,Public,153.223185,-28.597371,New South Wales
Noarlunga Hospital,75,Public,138.500218,-35.139879,South Australia
Noosa Hospital,75,Private,153.046309,-26.403209,Queensland
Normanton Hospital,14,Public,141.086425,-17.678739,Queensland
Norseman Hospital,5,Public,121.767663,-32.198566,Western Australia
North East Soldiers' Memorial Hospital and Community Service Centre (Scottsdale Hospital),25,Public,147.521324,-41.154294,Tasmania
North Eastern Rehabilitation Centre,25,Private,145.031344,-37.763424,Victoria
North Lakes Day Hospital,25,Private,153.021947,-27.238984,Queensland
North Midlands Health Service,25,Public,115.759184,-29.534221,Western Australia
North Queensland Day Surgical Centre,132,Private,146.791468,-19.279643,Queensland
North Shore Private Hospital,350,Private,151.189159,-33.820622,New South Wales
North West Private Hospital,150,Private,152.992705,-27.393992,Queensland
North West Regional Hospital,150,Public,145.880842,-41.048385,Tasmania
Northam Hospital,45,Public,116.657681,-31.649582,Western Australia
Northampton Kalbarri Health Service,25,Public,114.635119,-28.351194,Western Australia
Northeast Health Wangaratta,137,Public,146.313889,-36.354035,Victoria
Northern Beaches Hospital,350,Public,151.23377,-33.750646,New South Wales
Northern Yorke Peninsula Health Service (Wallaroo),25,Public,137.636783,-33.927738,South Australia
Northpark Private Hospital,150,Private,145.061631,-37.691208,Victoria
Northside Clinic,75,Private,151.188367,-33.825156,New South Wales
Northside Cremorne Clinic,25,Private,151.222886,-33.833425,New South Wales
Northside Macarthur Clinic,25,Private,150.816958,-34.071999,New South Wales
Northside West Clinic,75,Private,150.974575,-33.811188,New South Wales
Norwest Private Hospital,350,Private,150.953608,-33.744941,New South Wales
Nowra Private Hospital,75,Private,150.606551,-34.893534,New South Wales
Numurkah & District Health Service,22,Public,145.443695,-36.100001,Victoria
Nyngan Multi Purpose Service,25,Public,147.208772,-31.560024,New South Wales
Oakey Hospital,10,Public,151.719088,-27.424079,Queensland
Oberon Multi Purpose Service,25,Public,149.853596,-33.705249,New South Wales
Omeo District Health,4,Public,147.597321,-37.098142,Victoria
Onslow Hospital,6,Public,115.115389,-21.643238,Western Australia
Orange Day Surgery Centre,25,Private,149.102737,-33.283027,New South Wales
Orange Health Service,318,Public,149.093953,-33.317316,New South Wales
Orbost Regional Health,15,Public,148.464957,-37.701844,Victoria
Oromax Day Surgery,25,Private,138.611441,-34.925331,South Australia
Orroroo and District Health Service,8,Public,138.607206,-32.738519,South Australia
Orygen Inpatient Unit,15,Public,144.886617,-37.791926,Victoria
Osborne Park Hospital,158,Public,115.804717,-31.885976,Western Australia
Otway Health & Community Services [Apollo Bay],25,Public,143.664264,-38.753853,Victoria
Oxford Day Surgery and Dermatology,25,Private,115.841536,-31.922727,Western Australia
Oxford Day Surgery Centre,119,Private,138.608408,-34.949659,South Australia
Pacific Private Day Hospital,25,Private,153.407829,-27.970407,Queensland
Pambula Hospital,25,Public,149.879232,-36.926316,New South Wales
Paraburdoo Hospital,2,Public,117.670633,-23.203031,Western Australia
Parkside Cosmetic Surgery,25,Private,138.606952,-34.941936,South Australia
Parkwynd Private Hospital,25,Private,138.614276,-34.928514,South Australia
Peak Hill Multipurpose Service,25,Public,148.199615,-32.735907,New South Wales
Peel Health Campus,150,Public,115.763504,-32.532573,Western Australia
Pemberton Hospital,7,Public,116.031954,-34.444875,Western Australia
Peninsula Private Hospital Queensland,25,Private,153.093087,-27.230696,Queensland
Peninsula Private Hospital Victoria,150,Private,145.169552,-38.157557,Victoria
Pennant Hills Day Surgery,127,Private,151.074354,-33.738295,New South Wales
Penola War Memorial Hospital,6,Public,140.836465,-37.382873,South Australia
Perfect Vision Day Surgery,141,Private,151.100259,-33.70323,New South Wales
Perth ChildrenÃÂs Hospital,106,Public,115.817165,-31.969503,Western Australia
Perth Clinic,75,Private,115.843266,-31.950874,Western Australia
Peter MacCallum Cancer Centre,150,Public,144.956607,-37.80001,Victoria
Peterborough Soldiers' Memorial Hospital,22,Public,138.830344,-32.980786,South Australia
Pindara Day Procedure Centre,105,Private,153.39373,-28.008508,Queensland
Pindara Private Hospital,350,Private,153.393569,-28.007076,Queensland
Pine Rivers Private Hospital,75,Private,152.994832,-27.308361,Queensland
Pingelly Health Centre,25,Public,117.089789,-32.533042,Western Australia
Pinnaroo Soldiers' Memorial Hospital,8,Public,140.902447,-35.257499,South Australia
Plantagenet Hospital,15,Public,117.654561,-34.626092,Western Australia
Port Augusta Hospital and Regional Health Services,75,Public,137.776279,-32.509417,South Australia
Port Broughton and District Hospital and Health Service,25,Public,137.934379,-33.601287,South Australia
Port Kembla Hospital,75,Public,150.881778,-34.485923,New South Wales
Port Lincoln Health Service,67,Public,135.850201,-34.72408,South Australia
Port Macquarie Hospital,350,Public,152.878304,-31.452336,New South Wales
Port Macquarie Private Hospital,75,Private,152.909375,-31.442073,New South Wales
Port Pirie Regional Health Service,69,Public,138.005533,-33.177339,South Australia
Portland District Health,53,Public,141.606087,-38.340713,Victoria
Portland Hospital,25,Public,149.978565,-33.358415,New South Wales
Pregnancy Advisory Centre,5,Public,138.542962,-34.87999,South Australia
Prince of Wales Hospital,350,Public,151.23938,-33.918492,New South Wales
Prince of Wales Private Hospital,150,Private,151.238659,-33.918492,New South Wales
Princess Alexandra Hospital,1055,Public,153.033542,-27.499402,Queensland
Proserpine Hospital,33,Public,148.584976,-20.400017,Queensland
QEII Family Centre,26,Public,149.079172,-35.323284,Northern Territory
Quairading Hospital,5,Public,117.402627,-32.014481,Western Australia
Queanbeyan Hospital,75,Public,149.232294,-35.347685,New South Wales
Queen Elizabeth Centre [Noble Park],39,Public,145.178285,-37.972053,Victoria
Queen Elizabeth II Jubilee Hospital,218,Public,153.048852,-27.559673,Queensland
Queensland ChildrenÃÂs Hospital,350,Public,153.026717,-27.484305,Queensland
Queensland Eye Hospital,25,Private,153.024547,-27.4613,Queensland
Quilpie Hospital,6,Public,144.274617,-26.616519,Queensland
Quirindi Hospital,25,Public,150.676621,-31.500345,New South Wales
Quorn Health Service,11,Public,138.038138,-32.350917,South Australia
Radiation Oncology Institute - Gosford,103,Private,151.345848,-33.427046,New South Wales
Radiation Oncology Institute - The Sydney Adventist Hospital Wahroonga,127,Private,151.098606,-33.733389,New South Wales
Ravensthorpe Health Centre,25,Public,120.045461,-33.584918,Western Australia
Redcliffe Hospital,418,Public,153.105245,-27.228269,Queensland
Redland Hospital,194,Public,153.251379,-27.539992,Queensland
Renmark Paringa District Hospital,17,Public,140.745205,-34.164836,South Australia
Richmond Hospital,6,Public,143.150471,-20.738726,Queensland
Ringwood Private Hospital,75,Private,145.243629,-37.811523,Victoria
Rivercity Private Hospital,25,Private,152.995132,-27.473491,Queensland
Riverina Day Surgery,116,Private,147.353809,-35.120903,New South Wales
Riverland General Hospital,53,Public,140.600984,-34.276054,South Australia
Riverlands Drug and Alcohol Centre,14,Public,153.29112,-28.80834,New South Wales
Riverton District Soldiers' Memorial Hospital,25,Public,138.742657,-34.160353,South Australia
Robina Hospital,379,Public,153.377284,-28.072198,Queensland
Robina Procedure Centre,25,Private,153.3843,-28.077603,Queensland
Robinvale District Health Services,14,Public,142.781367,-34.584146,Victoria
Rochester & Elmore District Health Service,25,Public,144.697751,-36.366579,Victoria
Rockhampton Hospital,350,Public,150.494542,-23.379525,Queensland
Rockingham General Hospital,183,Public,115.770899,-32.291359,Western Australia
Roebourne Hospital,8,Public,117.143955,-20.776317,Western Australia
Roma Hospital,48,Public,148.775846,-26.568828,Queensland
Rosebud Hospital,76,Public,144.884899,-38.362168,Victoria
Rosebud SurgiCentre,149,Private,144.883554,-38.361748,Victoria
Roxby Downs Health Service,10,Public,136.894261,-30.562778,South Australia
Royal Adelaide Hospital,847,Public,138.587393,-34.920973,South Australia
Royal Brisbane & Women's Hospital,988,Public,153.027888,-27.446972,Queensland
Royal Children's Hospital [Parkville],340,Public,144.950859,-37.794997,Victoria
Royal Darwin Hospital,367,Public,130.881789,-12.355806,Northern Territory
Royal Hobart Hospital,469,Public,147.330136,-42.880028,Tasmania
Royal Hospital for Women,150,Public,151.237938,-33.919035,New South Wales
Royal Melbourne Hospital [Parkville],745,Public,144.956864,-37.799259,Victoria
Royal Melbourne Hospital- Royal Park Campus,150,Public,144.948049,-37.778813,Victoria
Royal North Shore Hospital,750,Public,151.189735,-33.821312,New South Wales
Royal Perth Hospital Wellington Street Campus,350,Public,115.8663,-31.954242,Western Australia
Royal Prince Alfred Hospital,750,Public,151.182926,-33.889251,New South Wales
Royal Prince Alfred Institute of Rheumatology & Orthopaedics,25,Public,151.180707,-33.88828,New South Wales
Royal Rehabilitation Hospital,25,Public,151.107845,-33.821772,New South Wales
Royal Talbot Rehabilitation Centre [Kew],77,Public,145.023715,-37.789522,Victoria
Royal Women's Hospital [Parkville],350,Public,144.954825,-37.798772,Victoria
Rural Northwest Health [Hopetoun],4,Public,142.366411,-35.732201,Victoria
Rural Northwest Health [Warracknabeal],12,Public,142.381609,-36.252614,Victoria
Ryde Hospital,150,Public,151.089756,-33.795482,New South Wales
Rylstone Multi Purpose Service,25,Public,149.975652,-32.804085,New South Wales
Sacred Heart Hospice,75,Public,151.219237,-33.880525,New South Wales
San Day Surgery Hornsby,141,Private,151.110612,-33.701961,New South Wales
Sandringham Hospital,72,Public,145.018157,-37.961049,Victoria
Sarina Hospital,16,Public,149.210268,-21.421151,Queensland
Scone Hospital,25,Public,150.876864,-32.051525,New South Wales
Selby Authorised Lodge,39,Public,115.80199,-31.958204,Western Australia
Seymour District Memorial Hospital,42,Public,145.138771,-37.018384,Victoria
Shellharbour Hospital,150,Public,150.840947,-34.558987,New South Wales
Shepparton Private Hospital,75,Private,145.410825,-36.359183,Victoria
Shoalhaven Hospital,150,Public,150.595736,-34.868767,New South Wales
Short Street Day Surgery,100,Private,153.416975,-27.970813,Queensland
Singleton Hospital,25,Public,151.185736,-32.567087,New South Wales
Sir Charles Gairdner Hospital,574,Public,115.815467,-31.968291,Western Australia
Smithton District Hospital,25,Public,145.129609,-40.850159,Tasmania
Snowtown Hospital and Health Service,4,Public,138.212768,-33.786936,South Australia
South Burnett Private Hospital,25,Private,151.836891,-26.543051,Queensland
South Coast District Hospital,47,Public,138.606447,-35.561171,South Australia
South East Regional Hospital,75,Public,149.858549,-36.68905,New South Wales
South Eastern Private,150,Private,145.191922,-37.966243,Victoria
South Gippsland Hospital [Foster],16,Public,146.207031,-38.658319,Victoria
South Pacific Private,75,Private,151.291425,-33.775143,New South Wales
South Perth Hospital,148,Private,115.862816,-31.988465,Western Australia
South West Healthcare [Camperdown],25,Public,143.137714,-38.237101,Victoria
South West Healthcare [Warrnambool],171,Public,142.472977,-38.380085,Victoria
Southern Cross Hospital,6,Public,119.337829,-31.230709,Western Australia
Southern Highlands Private Hospital,75,Private,150.422882,-34.484223,New South Wales
Southern Yorke Peninsula Health Service (Yorketown),25,Public,137.604939,-35.020989,South Australia
Southport Day Hospital,25,Private,153.413046,-27.96245,Queensland
Southside Endoscopy Centre,110,Private,153.17828,-27.662981,Queensland
Spendelove Private Hospital,114,Private,153.4084,-27.973494,Queensland
SPORTSMED SA Hospital & Day Surgery,75,Private,138.624987,-34.913521,South Australia
Springsure Hospital,10,Public,148.084762,-24.120122,Queensland
Springwood Hospital,25,Public,150.571129,-33.690486,New South Wales
St Andrew's Hospital,350,Private,138.614963,-34.934224,South Australia
St Andrew's Ipswich Private Hospital,150,Private,152.763079,-27.618799,Queensland
St Andrew's Toowoomba Hospital,150,Private,151.933665,-27.539156,Queensland
St Andrew's War Memorial Hospital,350,Private,153.021011,-27.461224,Queensland
St George Hospital NSW,750,Public,151.133776,-33.966969,New South Wales
St George Hospital Qld,25,Public,148.592683,-28.0272,Queensland
St George Private Hospital,350,Private,151.136055,-33.966952,New South Wales
St George's Health Service- Aged Care,117,Public,145.052585,-37.809085,Victoria
St Helens District Hospital,9,Public,148.248814,-41.323159,Tasmania
St Helen's Private Hospital,25,Private,147.325791,-42.886839,Tasmania
St John of God Ballarat Hospital,150,Private,143.847406,-37.558544,Victoria
St John of God Bendigo Hospital,150,Private,144.263298,-36.762043,Victoria
St John of God Berwick Hospital,350,Private,145.344974,-38.034499,Victoria
St John of God Bunbury Hospital,150,Private,115.648869,-33.365947,Western Australia
St John of God Burwood Hospital,75,Private,151.100538,-33.869832,New South Wales
St John of God Frankston Rehabilitation Hospital,75,Private,145.155926,-38.153035,Victoria
St John of God Geelong Hospital,150,Private,144.357679,-38.151567,Victoria
St John of God Geraldton Hospital,75,Private,114.616439,-28.784383,Western Australia
St John of God Midland Private Hospital,75,Private,116.00748,-31.894611,Western Australia
St John of God Midland Public Hospital,350,Public,116.008852,-31.894832,Western Australia
St John of God Mt Lawley Hospital,350,Private,115.884926,-31.936721,Western Australia
St John of God Murdoch Hospital,350,Private,115.844659,-32.067919,Western Australia
St John of God Pinelodge Clinic,75,Private,145.213143,-37.970226,Victoria
St John of God Richmond Hospital,75,Private,150.702473,-33.591946,New South Wales
St John of God Subiaco Hospital,750,Private,115.826282,-31.941246,Western Australia
St John of God Warrnambool Hospital,75,Private,142.478749,-38.371405,Victoria
St Joseph's Hospital,75,Public,151.028339,-33.848659,New South Wales
St Luke's Hospital,75,Private,151.225836,-33.874188,New South Wales
St Margaret's Hospital,25,Public,138.480466,-34.846418,South Australia
St Marys Community Health Centre,25,Public,148.181244,-41.576062,Tasmania
St Stephen's Hospital Hervey Bay,75,Private,152.823273,-25.299851,Queensland
St VincentÃÂs Hospital [Darlinghurst],350,Public,151.221125,-33.879692,New South Wales
St Vincent's Hospital [Fitzroy],487,Public,144.975231,-37.806545,Victoria
St Vincents Private Hospital [Lismore],75,Private,153.287381,-28.819949,New South Wales
St Vincent's Private Hospital Brisbane,150,Private,153.03542,-27.473334,Queensland
St Vincent's Private Hospital East Melbourne,150,Private,144.984164,-37.811733,Victoria
St Vincent's Private Hospital Fitzroy,350,Private,144.976029,-37.807993,Victoria
St Vincent's Private Hospital Kew,25,Private,145.023694,-37.806567,Victoria
St Vincent's Private Hospital Toowoomba,150,Private,151.971551,-27.565675,Queensland
St Vincent's Private Sydney,350,Private,151.219462,-33.880698,New South Wales
Stanthorpe Hospital,45,Public,151.928397,-28.660927,Queensland
State Forensic Mental Health Service,37,Public,115.788431,-31.960937,Western Australia
Stawell Regional Health,37,Public,142.781603,-37.059577,Victoria
Stirling Hospital,25,Private,138.714859,-35.007274,South Australia
Strathalbyn and District Health Service,25,Public,138.893558,-35.257674,South Australia
Strathfield Private Hospital,75,Private,151.097544,-33.872059,New South Wales
Streaky Bay Hospital,19,Public,134.217524,-32.792776,South Australia
Subiaco Private Hospital,25,Private,115.826,-31.9434,Western Australia
Sunbury Day Hospital,27,Public,144.732674,-37.576998,Victoria
Sunnybank Private Hospital,150,Private,153.061051,-27.572541,Queensland
Sunshine Coast Day Surgery,125,Private,153.096157,-26.655373,Queensland
Sunshine Coast Haematology and Oncology Clinic,25,Private,153.094955,-26.657299,Queensland
Sunshine Coast University Hospital,463,Public,153.113812,-26.74681,Queensland
Sunshine Coast University Private Hospital,150,Private,153.114563,-26.74422,Queensland
Sunshine Hospital,568,Public,144.816477,-37.759179,Victoria
Surat Hospital,4,Public,149.063787,-27.156595,Queensland
Sutherland Heart Clinic,25,Private,151.114153,-34.037931,New South Wales
Sutherland Hospital,350,Public,151.115151,-34.037288,New South Wales
Swan Hill District Health [Nyah],0,Public,143.355428,-35.186052,Victoria
Swan Hill District Health [Swan Hill],64,Public,143.556514,-35.340588,Victoria
Sydney Adventist Hospital,750,Private,151.099874,-33.733379,New South Wales
Sydney Children's Hospital,150,Public,151.238334,-33.917179,New South Wales
Sydney Day Surgery - Prince Alfred,25,Private,151.1835,-33.8912,New South Wales
Sydney Dental Hospital,25,Public,151.207811,-33.884469,New South Wales
Sydney Hospital / Sydney Eye Hospital,75,Public,151.212575,-33.867929,New South Wales
Sydney Southwest Private Hospital,75,Private,150.927499,-33.917876,New South Wales
Tailem Bend District Hospital,9,Public,139.452692,-35.254803,South Australia
Tallangatta Health Service,8,Public,147.183709,-36.213705,Victoria
Tamara Private Hospital,75,Private,150.921764,-31.077535,New South Wales
Tamworth Hospital,350,Public,150.924199,-31.074079,New South Wales
Tanunda War Memorial Hospital,22,Public,138.960859,-34.528082,South Australia
Tara Hospital,15,Public,150.456368,-27.273674,Queensland
Taroom Hospital,13,Public,149.798669,-25.638818,Queensland
Tasman Health and Community Service,25,Public,147.742831,-43.096752,Tasmania
Temora Hospital,25,Public,147.542616,-34.443942,New South Wales
Tennant Creek Hospital,20,Public,134.186893,-19.647791,Northern Territory
Tenterfield Hospital,25,Public,152.013552,-29.045083,New South Wales
Terang & Mortlake Health Service [Terang],25,Public,142.902119,-38.239388,Victoria
Texas Hospital,6,Public,151.179481,-28.855978,Queensland
The Alfred,709,Public,144.981937,-37.846087,Victoria
The Avenue Hospital,150,Private,144.998513,-37.854809,Victoria
The Bays Hospital,150,Private,145.040939,-38.223524,Victoria
The Bendigo Hospital,318,Public,144.283372,-36.748727,Victoria
The Border Cancer Hospital,25,Private,146.938123,-36.078399,New South Wales
The Cairns Clinic,75,Private,145.76209,-16.910828,Queensland
The Canberra Hospital,750,Public,149.100898,-35.345777,Northern Territory
The Children's Hospital at Westmead,350,Public,150.991759,-33.801554,New South Wales
The Eye Hospital,133,Private,147.141609,-41.444592,Tasmania
The Geelong Clinic,25,Private,144.393267,-38.182406,Victoria
The Hills Clinic Kellyville,25,Private,150.952057,-33.716759,New South Wales
The Hills Private Hospital,75,Private,150.9825,-33.743476,New South Wales
The Hobart Clinic,148,Private,147.435278,-42.905613,Tasmania
The Kilmore & District Hospital,36,Public,144.957915,-37.301794,Victoria
The McKellar Centre,75,Public,144.335728,-38.118795,Victoria
The Melbourne Clinic,150,Private,144.998739,-37.814361,Victoria
The Memorial Hospital,150,Private,138.599385,-34.912733,South Australia
The Mornington Centre,92,Public,145.041697,-38.230174,Victoria
The Northern Hospital [Epping],445,Public,145.014381,-37.653417,Victoria
The Park Centre For Mental Health,140,Public,152.910246,-27.600413,Queensland
The Peter James Centre [East Burwood],116,Public,145.164542,-37.852712,Victoria
The Prince Charles Hospital,662,Public,153.021955,-27.390497,Queensland
The Queen Elizabeth Hospital,311,Public,138.534039,-34.884179,South Australia
The Royal Victorian Eye & Ear Hospital,56,Public,144.976245,-37.808978,Victoria
The Skin & Cancer Foundation Australia,25,Private,150.98879,-33.8072,New South Wales
The Southport Private Hospital,25,Private,153.407852,-27.973078,Queensland
The Sydney Clinic,25,Private,151.260988,-33.901383,New South Wales
The Sydney Private Hospital Incorporating the NSW Eye Centre,75,Private,151.1299,-33.894,New South Wales
The Townsville Hospital,750,Public,146.762092,-19.320683,Queensland
The Tweed Hospital,242,Public,153.545458,-28.177216,New South Wales
The Valley Private Hospital,150,Private,145.213122,-37.938409,Victoria
The Victoria Clinic,25,Private,144.997225,-37.847714,Victoria
The Victorian Rehabilitation Centre,150,Private,145.161425,-37.898227,Victoria
The Wesley Hospital,750,Private,152.997971,-27.478335,Queensland
Theodore Hospital,6,Public,150.075277,-24.943109,Queensland
Thomas Walker Hospital,25,Public,151.097897,-33.832336,New South Wales
Thursday Island Hospital,46,Public,142.21156,-10.588,Queensland
Tibooburra Hospital,25,Public,142.012817,-29.433211,New South Wales
Timboon & District Healthcare Service,14,Public,142.976717,-38.486231,Victoria
Tingha Multi Purpose Service,25,Public,151.206732,-29.950779,New South Wales
Tocumwal Hospital,25,Public,145.568996,-35.815407,New South Wales
Tom Price Hospital,8,Public,117.790271,-22.695367,Western Australia
Tomaree Hospital,25,Public,152.158858,-32.720053,New South Wales
Toosey Memorial Hospital (Longford),25,Public,147.119486,-41.593091,Tasmania
Toowong Private Hospital,75,Private,152.99125,-27.47736,Queensland
Toowoomba Hospital,305,Public,151.944433,-27.569872,Queensland
Toowoomba Surgicentre,25,Private,151.973785,-27.566341,Queensland
Tottenham Multipurpose Service,25,Public,147.358031,-32.242711,New South Wales
Townsville Day Surgery,25,Private,146.782836,-19.268889,Queensland
Trangie Multi Purpose Service,25,Public,147.976355,-32.030813,New South Wales
Tresillian Care Centres,70,Public,151.097526,-33.918732,New South Wales
"Tresillian Family Care Centre, Kingswood",25,Public,150.714392,-33.758161,New South Wales
Trundle Multi Purpose Health Service,25,Public,147.704315,-32.921078,New South Wales
Tullamore Multi Purpose Health Service,25,Public,147.568997,-32.635114,New South Wales
Tully Hospital,20,Public,145.924146,-17.927624,Queensland
Tumbarumba Multi Purpose Service,25,Public,148.006203,-35.778706,New South Wales
Tumby Bay Hospital and Health Services,15,Public,136.103932,-34.372292,South Australia
Tumut Hospital,25,Public,148.219552,-35.307265,New South Wales
Tweddle Child & Family Health Centre [Footscray],25,Public,144.887421,-37.797407,Victoria
Tweed Day Surgery,25,Private,153.539989,-28.179019,New South Wales
Ulladulla Endoscopy and Medical Centre,25,Private,150.473481,-35.358764,New South Wales
University Hospital Geelong,495,Public,144.364964,-38.151533,Victoria
Upper Murray Health & Community Services [Corryong],25,Public,147.902798,-36.198711,Victoria
Urana Multi Purpose Service,25,Public,146.267316,-35.325419,New South Wales
Urbenville Multi Purpose Service,25,Public,152.543029,-28.471511,New South Wales
Ursula Frayne Centre,25,Public,144.886747,-37.791148,Victoria
Vegetable Creek Multi Purpose Service Emmaville,25,Public,151.599204,-29.450547,New South Wales
Victoria Parade Surgery Centre,25,Private,144.97476,-37.808521,Victoria
Victorian Institute of Forensic Mental Health,150,Public,145.012975,-37.78931,Victoria
Victorian Institute of Forensic Mental Health Prison Health Service,25,Public,144.950757,-37.812763,Victoria
Vision Day Surgery Camberwell,109,Private,145.0556,-37.83252,Victoria
Vision Day Surgery Chatswood,110,Private,151.187314,-33.795181,New South Wales
Vision Day Surgery Eastern,107,Private,145.119433,-37.817591,Victoria
Vision Day Surgery Footscray,121,Private,144.895155,-37.800508,Victoria
Vision Day Surgery Hurstville,139,Private,151.100439,-33.966949,New South Wales
Vision Day Surgery Rivercity,114,Private,152.995579,-27.473726,Queensland
Vision Eye Institute,135,Private,144.980304,-37.850605,Victoria
Wagga Endoscopy Centre,25,Private,147.365914,-35.115815,New South Wales
Wagga Wagga Hospital,350,Public,147.356915,-35.118083,New South Wales
Wagin Hospital,10,Public,117.347319,-33.304662,Western Australia
Waikerie Health Service,29,Public,139.984917,-34.182447,South Australia
Waikiki Private Hospital,25,Private,115.763147,-32.310552,Western Australia
Walcha Multi Purpose Service,25,Public,151.591415,-30.987818,New South Wales
Walcott Street Surgical Centre,136,Private,115.874141,-31.936554,Western Australia
Walgett Multipurpose Service,25,Public,148.115959,-30.030646,New South Wales
Wangaratta Private Hospital,25,Private,146.312423,-36.349299,Victoria
Wantirna Health,62,Public,145.225902,-37.848525,Victoria
War Memorial Hospital,25,Public,151.253816,-33.897496,New South Wales
Waratah Private Hospital,75,Private,151.100464,-33.963651,New South Wales
Warialda Multi Purpose Service,25,Public,150.579567,-29.538835,New South Wales
Warners Bay Private Hospital,75,Private,151.641204,-32.965262,New South Wales
Warren Hospital,22,Public,116.154112,-34.240969,Western Australia
Warren Multi Purpose Service,25,Public,147.835679,-31.693958,New South Wales
Warringal Private Hospital,150,Private,145.060728,-37.754419,Victoria
Warwick Hospital,69,Public,152.017983,-28.224275,Queensland
Wauchope Hospital,25,Public,152.728131,-31.457239,New South Wales
Waverley Private Hospital,150,Private,145.145798,-37.884632,Victoria
Wee Waa Hospital,25,Public,149.448287,-30.225439,New South Wales
Weipa Hospital,20,Public,141.881179,-12.623419,Queensland
Wellington Health Service,25,Public,148.951977,-32.549741,New South Wales
Wentworth Hospital,25,Public,141.922481,-34.109983,New South Wales
Wentworth Psychiatric Services,11,Public,150.712613,-33.760249,New South Wales
Werribee Mercy Hospital,350,Public,144.698621,-37.886587,Victoria
Werris Creek Hospital,25,Public,150.652513,-31.346691,New South Wales
Wesley Hospital Ashfield,25,Private,151.116666,-33.8925,New South Wales
Wesley Hospital Kogarah,25,Private,151.12896,-33.968262,New South Wales
West Gippsland Healthcare Group [Warragul],75,Public,145.926804,-38.173009,Victoria
West Wimmera Health Service [Jeparit],4,Public,141.984686,-36.141132,Victoria
West Wimmera Health Service [Kaniva],6,Public,141.246006,-36.381386,Victoria
West Wimmera Health Service [Nhill],21,Public,141.655579,-36.334003,Victoria
West Wimmera Health Service [Rainbow],7,Public,141.995112,-35.903874,Victoria
West Wimmera Health Service [Rupanyup],25,Public,142.631849,-36.636571,Victoria
Western District Health Service [Coleraine District Health Service],25,Public,141.692018,-37.599913,Victoria
Western District Health Service [Hamilton],75,Public,142.030606,-37.736495,Victoria
Western District Health Service [Penshurst],25,Public,142.282487,-37.877275,Victoria
Western Gastroenterology Services,25,Private,144.885343,-37.792005,Victoria
Western Hospital,75,Private,138.49966,-34.909971,South Australia
Western Hospital [Footscray],285,Public,144.887191,-37.792298,Victoria
Western Private Hospital,25,Private,144.885932,-37.793045,Victoria
Western Sydney Oncology & Infusion Centre,115,Private,150.982879,-33.802024,New South Wales
Westmead Hospital,750,Public,150.987811,-33.804362,New South Wales
Westmead Private Hospital,150,Private,150.982382,-33.802865,New South Wales
Westmead Rehabilitation Hospital,75,Private,150.981059,-33.819288,New South Wales
Westminster Day Surgery,25,Private,115.829163,-31.862769,Western Australia
Whyalla Hospital and Health Services,101,Public,137.577559,-33.033977,South Australia
Wilcannia Multi Purpose Service,25,Public,143.385336,-31.557638,New South Wales
Williamstown Hospital,102,Public,144.892339,-37.863576,Victoria
"Wilson Memorial Community Hospital, Murrurundi",25,Public,150.834764,-31.770408,New South Wales
Wimmera Base Hospital [Horsham],93,Public,142.208522,-36.712441,Victoria
Windsor Private Hospital,25,Private,144.998213,-37.856118,Victoria
Wingham Hospital,25,Public,152.365179,-31.878104,New South Wales
Winton Hospital,8,Public,143.040672,-22.381189,Queensland
Wollongong Day Surgery,105,Private,150.881346,-34.42583,New South Wales
Wollongong Hospital,350,Public,150.883451,-34.424938,New South Wales
Wollongong Private Hospital,150,Private,150.880729,-34.425814,New South Wales
Wolper Jewish Hospital,75,Private,151.240739,-33.884118,New South Wales
Women's and Children's Hospital,312,Public,138.599631,-34.911444,South Australia
Women's at Sandringham,25,Public,145.018157,-37.961049,Victoria
Wondai Hospital,5,Public,151.878658,-26.323335,Queensland
Wongan Hills Hospital,4,Public,116.724843,-30.894159,Western Australia
Woorabinda Hospital,11,Public,149.455983,-24.131492,Queensland
Woy Woy Hospital,75,Public,151.320952,-33.496716,New South Wales
Wudinna Hospital,13,Public,135.466983,-33.050274,South Australia
Wyalkatchem-Koorda and Districts Hospital,25,Public,117.386212,-31.176246,Western Australia
Wyalong Hospital,25,Public,147.196483,-33.916373,New South Wales
Wyndham Hospital,5,Public,128.127772,-15.477793,Western Australia
Wyong Hospital,350,Public,151.480761,-33.261113,New South Wales
Yarra Ranges Health,16,Public,145.351204,-37.756319,Victoria
Yarram & District Health Service,22,Public,146.678316,-38.556975,Victoria
Yarrawonga District Health Service,29,Public,146.006584,-36.011547,Victoria
Yass Hospital,25,Public,148.906427,-34.844072,New South Wales
Yea & District Memorial Hospital,10,Public,145.430724,-37.213634,Victoria
York Hospital,4,Public,116.757416,-31.894392,Western Australia
Young Hospital,25,Public,148.288457,-34.320383,New South Wales
